B,a,l,a,n,c,i,n,g, ,I,n,c,l,u,s,i,o,n, ,a,n,d, ,E,n,l,i,g,h,t,e,n,e,d, ,U,n,d,e,r,s,t,a,n,d,i,n,g, ,i,n, ,D,e,s,i,g,n,i,n,g, ,O,n,l,i,n,e, ,C,i,v,i,c, ,P,a,r,t,i,c,i,p,a,t,i,o,n, ,S,y,s,t,e,m,s,:, ,E,x,p,e,r,i,e,n,c,e,s, ,f,r,o,m, ,R,e,g,u,l,a,t,i,o,n, ,R,o,o,m
V,o,y,a,g,e,r,s, ,a,n,d, ,V,o,y,e,u,r,s,:, ,S,u,p,p,o,r,t,i,n,g, ,S,o,c,i,a,l, ,D,a,t,a, ,A,n,a,l,y,s,i,s
C,i,t,i,z,e,n, ,E,n,g,a,g,e,m,e,n,t, ,a,n,d, ,A,w,a,r,e,n,e,s,s, ,o,f, ,t,h,e, ,R,o,a,d, ,S,u,r,f,a,c,e, ,C,o,n,d,i,t,i,o,n,s, ,i,n, ,N,a,i,r,o,b,i,",", ,K,e,n,y,a

H,u,m,a,n, ,I,n,t,e,r,f,a,c,e,s, ,f,o,r, ,C,i,v,i,c, ,a,n,d, ,U,r,b,a,n, ,E,n,g,a,g,e,m,e,n,t,:, ,H,i,C,U,E, ,',1,3
D,e,s,i,g,n,i,n,g, ,O,n,l,i,n,e, ,E,x,p,e,r,i,m,e,n,t,s,:, ,C,i,t,i,z,e,n, ,S,c,i,e,n,c,e, ,A,p,p,r,o,a,c,h,e,s, ,t,o, ,R,e,s,e,a,r,c,h
W,e,b, ,A,p,p,l,i,c,a,t,i,o,n, ,f,o,r, ,C,i,v,i,l, ,A,c,t,i,o,n,:, ,H,o,w, ,I,t, ,W,o,r,k,s, ,i,n, ,M,o,d,e,r,n, ,R,u,s,s,i,a
E,n,c,o,u,r,a,g,i,n,g, ,C,o,l,l,e,c,t,i,v,e, ,I,n,t,e,l,l,i,g,e,n,c,e, ,f,o,r, ,t,h,e, ,C,o,m,m,o,n, ,G,o,o,d,:, ,H,o,w, ,D,o, ,W,e, ,I,n,t,e,g,r,a,t,e, ,t,h,e, ,D,i,s,p,a,r,a,t,e, ,P,i,e,c,e,s,?
C,h,a,l,l,e,n,g,e,s, ,a,n,d, ,O,p,p,o,r,t,u,n,i,t,i,e,s, ,o,f, ,L,o,c,a,l, ,J,o,u,r,n,a,l,i,s,m,:, ,A, ,C,a,s,e, ,S,t,u,d,y, ,o,f, ,t,h,e, ,2,0,1,2, ,K,o,r,e,a,n, ,G,e,n,e,r,a,l, ,E,l,e,c,t,i,o,n
C,u,l,t,u,r,a,l, ,H,e,r,i,t,a,g,e, ,C,o,m,m,u,n,i,t,i,e,s,:, ,T,e,c,h,n,o,l,o,g,i,e,s, ,a,n,d, ,C,h,a,l,l,e,n,g,e,s
A,g,o,r,a,2,.,0,:, ,E,n,h,a,n,c,i,n,g, ,C,i,v,i,c, ,P,a,r,t,i,c,i,p,a,t,i,o,n, ,T,h,r,o,u,g,h, ,a, ,P,u,b,l,i,c, ,D,i,s,p,l,a,y
D,i,g,i,t,a,l, ,P,o,p,-,U,p,:, ,I,n,v,e,s,t,i,g,a,t,i,n,g, ,B,e,s,p,o,k,e, ,C,o,m,m,u,n,i,t,y, ,E,n,g,a,g,e,m,e,n,t, ,i,n, ,P,u,b,l,i,c, ,S,p,a,c,e,s
E,n,g,a,g,i,n,g, ,N,e,w, ,D,i,g,i,t,a,l, ,L,o,c,a,l,s, ,w,i,t,h, ,I,n,t,e,r,a,c,t,i,v,e, ,U,r,b,a,n, ,S,c,r,e,e,n,s, ,t,o, ,C,o,l,l,a,b,o,r,a,t,i,v,e,l,y, ,I,m,p,r,o,v,e, ,t,h,e, ,C,i,t,y
P,u,g,e,t, ,S,o,u,n,d, ,o,f,f,:, ,F,o,s,t,e,r,i,n,g, ,Y,o,u,t,h, ,C,i,v,i,c, ,E,n,g,a,g,e,m,e,n,t, ,T,h,r,o,u,g,h, ,C,i,t,i,z,e,n, ,J,o,u,r,n,a,l,i,s,m
G,l,o,b,a,l, ,Y,o,u,t,h, ,C,o,n,n,e,c,t,i,v,i,t,y, ,(,G,Y,C,), ,-, ,U,s,i,n,g, ,I,C,T, ,f,o,r, ,P,e,a,c,e,f,u,l, ,R,e,c,o,v,e,r,y, ,a,n,d, ,L,o,n,g,-,t,e,r,m, ,C,h,a,n,g,e
O,n,l,i,n,e, ,P,a,r,t,i,c,i,p,a,t,i,o,n, ,i,n, ,E,s,t,o,n,i,a,:, ,A,c,t,i,v,e, ,V,o,t,i,n,g,",", ,L,o,w, ,E,n,g,a,g,e,m,e,n,t
P,a,r,t,i,c,i,p,a,t,o,r,y, ,S,e,n,s,i,n,g,:, ,A,p,p,l,i,c,a,t,i,o,n,s, ,a,n,d, ,A,r,c,h,i,t,e,c,t,u,r,e
H,C,I,",", ,C,i,v,i,c, ,E,n,g,a,g,e,m,e,n,t, ,&,#,3,8,;, ,T,r,u,s,t

K,e,e,p,i,n,g, ,I,t, ,P,r,i,v,a,t,e,:, ,A,n, ,A,u,g,m,e,n,t,e,d, ,R,e,a,l,i,t,y, ,A,p,p,r,o,a,c,h, ,t,o, ,C,i,t,i,z,e,n, ,P,a,r,t,i,c,i,p,a,t,i,o,n, ,w,i,t,h, ,P,u,b,l,i,c, ,D,i,s,p,l,a,y,s
C,i,v,i,c, ,C,r,o,w,d,f,u,n,d,i,n,g,:, ,H,o,w, ,D,o, ,O,f,f,l,i,n,e, ,C,o,m,m,u,n,i,t,i,e,s, ,E,n,g,a,g,e, ,O,n,l,i,n,e,?
N,a,v,i,g,a,t,i,n,g, ,I,m,a,g,i,n,e,d, ,A,u,d,i,e,n,c,e,s,:, ,M,o,t,i,v,a,t,i,o,n,s, ,f,o,r, ,P,a,r,t,i,c,i,p,a,t,i,n,g, ,i,n, ,t,h,e, ,O,n,l,i,n,e, ,P,u,b,l,i,c, ,S,p,h,e,r,e
U,D,e,s,i,g,n,I,t,:, ,T,o,w,a,r,d,s, ,S,o,c,i,a,l, ,M,e,d,i,a, ,f,o,r, ,C,o,m,m,u,n,i,t,y,-,d,r,i,v,e,n, ,D,e,s,i,g,n
I,n,v,e,s,t,i,n,g, ,i,n, ,O,p,e,n, ,G,o,v,e,r,n,m,e,n,t,:, ,A,p,p,l,y,i,n,g, ,L,e,s,s,o,n,s, ,f,r,o,m, ,R,e,s,e,a,r,c,h, ,a,n,d, ,P,r,a,c,t,i,c,e
T,h,e, ,C,i,r,c,u,l,a,r, ,C,o,n,t,i,n,u,u,m, ,o,f, ,A,g,e,n,c,i,e,s,",", ,L,i,b,r,a,r,i,e,s,",", ,a,n,d, ,U,s,e,r,s,:, ,A, ,M,o,d,e,l, ,o,f, ,e,-,G,o,v,e,r,n,m,e,n,t, ,i,n, ,P,r,a,c,t,i,c,e
S,t,u,d,e,n,t,s, ,O,r,g,a,n,i,z,i,n,g, ,A,g,a,i,n,s,t, ,P,o,l,l,u,t,i,o,n,:, ,C,o,m,p,u,t,a,t,i,o,n,a,l, ,T,h,i,n,k,i,n,g, ,A,c,r,o,s,s, ,B,o,u,n,d,a,r,i,e,s
G,e,o,T,a,g,g,e,r,:, ,A, ,C,o,l,l,a,b,o,r,a,t,i,v,e, ,a,n,d, ,P,a,r,t,i,c,i,p,a,t,o,r,y, ,E,n,v,i,r,o,n,m,e,n,t,a,l, ,I,n,q,u,i,r,y, ,S,y,s,t,e,m
T,e,n,d,i,n,g, ,a, ,V,i,r,t,u,a,l, ,G,a,r,d,e,n,:, ,E,x,p,l,o,r,i,n,g, ,C,o,n,n,e,c,t,i,v,i,t,y, ,B,e,t,w,e,e,n, ,C,i,t,i,e,s
S,o,c,i,a,l, ,M,e,d,i,a, ,S,u,p,p,o,r,t,i,n,g, ,P,o,l,i,t,i,c,a,l, ,D,e,l,i,b,e,r,a,t,i,o,n, ,A,c,r,o,s,s, ,M,u,l,t,i,p,l,e, ,P,u,b,l,i,c, ,S,p,h,e,r,e,s,:, ,T,o,w,a,r,d,s, ,D,e,p,o,l,a,r,i,z,a,t,i,o,n
L,e,t,',s, ,B,u,i,l,d, ,t,h,e, ,R,o,a,d, ,N,e,t,w,o,r,k, ,o,f, ,C,i,v,i,c, ,T,e,c,h
C,i,t,i,z,e,n, ,S,e,n,s,i,n,g, ,f,o,r, ,C,o,l,l,a,b,o,r,a,t,i,v,e, ,C,o,n,s,t,r,u,c,t,i,o,n, ,o,f, ,A,c,c,e,s,s,i,b,i,l,i,t,y, ,M,a,p,s
P,a,t,h,f,i,n,d,e,r,:, ,A,n, ,O,n,l,i,n,e, ,C,o,l,l,a,b,o,r,a,t,i,o,n, ,E,n,v,i,r,o,n,m,e,n,t, ,f,o,r, ,C,i,t,i,z,e,n, ,S,c,i,e,n,t,i,s,t,s
E,m,p,o,w,e,r,i,n,g, ,R,u,r,a,l, ,C,i,t,i,z,e,n, ,J,o,u,r,n,a,l,i,s,m, ,v,i,a, ,W,e,b, ,2,.,0, ,T,e,c,h,n,o,l,o,g,i,e,s
I,n,t,e,r,a,c,t,i,o,n,s, ,G,a,l,l,e,r,y
T,e,c,h,n,o,l,o,g,y,-,m,e,d,i,a,t,e,d, ,S,o,c,i,a,l, ,A,r,r,a,n,g,e,m,e,n,t,s, ,t,o, ,R,e,s,o,l,v,e, ,B,r,e,a,k,d,o,w,n,s, ,i,n, ,I,n,f,r,a,s,t,r,u,c,t,u,r,e, ,D,u,r,i,n,g, ,O,n,g,o,i,n,g, ,D,i,s,r,u,p,t,i,o,n
F,u,t,u,r,e, ,S,c,e,n,a,r,i,o,s, ,o,f, ,I,C,T, ,S,o,l,u,t,i,o,n,s, ,f,o,r, ,G,o,v,e,r,n,a,n,c,e, ,a,n,d, ,P,o,l,i,c,y, ,M,o,d,e,l,l,i,n,g

P,e,o,p,l,e,",", ,C,o,n,t,e,n,t,",", ,L,o,c,a,t,i,o,n,:, ,S,w,e,e,t, ,S,p,o,t,t,i,n,g, ,U,r,b,a,n, ,S,c,r,e,e,n,s, ,f,o,r, ,S,i,t,u,a,t,e,d, ,E,n,g,a,g,e,m,e,n,t
C,i,v,i,c,a,l,l,y, ,E,n,g,a,g,e,d, ,H,C,I,:, ,T,e,n,s,i,o,n,s, ,B,e,t,w,e,e,n, ,N,o,v,e,l,t,y, ,a,n,d, ,S,o,c,i,a,l, ,I,m,p,a,c,t
T,h,e, ,P,o,t,e,n,t,i,a,l, ,o,f, ,S,o,c,i,a,l, ,M,e,d,i,a, ,i,n, ,R,u,s,s,i,a,:, ,F,r,o,m, ,P,o,l,i,t,i,c,a,l, ,M,o,b,i,l,i,z,a,t,i,o,n, ,t,o, ,C,i,v,i,c, ,E,n,g,a,g,e,m,e,n,t
B,u,i,l,d,i,n,g, ,I,n,t,e,r,p,r,e,t,a,b,l,e, ,D,i,s,c,u,s,s,i,o,n,s,:, ,F,o,r, ,E,f,f,e,c,t,i,v,e, ,P,u,b,l,i,c, ,E,n,g,a,g,e,m,e,n,t
P,e,r,s,o,n,a,l,",", ,P,u,b,l,i,c,:, ,U,s,i,n,g, ,D,I,Y, ,t,o, ,E,x,p,l,o,r,e, ,C,i,t,i,z,e,n,-,l,e,d, ,E,f,f,o,r,t,s, ,i,n, ,U,r,b,a,n, ,C,o,m,p,u,t,i,n,g
C,a,p,t,c,h,a,t,:, ,A, ,M,e,s,s,a,g,i,n,g, ,T,o,o,l, ,t,o, ,F,r,u,s,t,r,a,t,e, ,U,b,i,q,u,i,t,o,u,s, ,S,u,r,v,e,i,l,l,a,n,c,e
H,e,p,h,a,e,s,t,u,s, ,a,n,d, ,t,h,e, ,S,e,n,s,e,s
S,u,p,p,o,r,t,i,n,g, ,C,i,t,i,e,s,",", ,N,e,i,g,h,b,o,r,h,o,o,d,s,",", ,a,n,d, ,L,o,c,a,l, ,C,o,m,m,u,n,i,t,i,e,s, ,w,i,t,h, ,I,n,f,o,r,m,a,t,i,o,n, ,a,n,d, ,C,o,m,m,u,n,i,c,a,t,i,o,n, ,T,e,c,h,n,o,l,o,g,i,e,s
S,c,i,e,n,c,e, ,i,n, ,T,i,m,e,s, ,o,f, ,C,r,i,s,i,s,:, ,D,e,l,i,v,e,r,i,n,g, ,S,i,t,u,a,t,i,o,n,a,l, ,A,w,a,r,e,n,e,s,s, ,t,o, ,E,m,e,r,g,e,n,c,y, ,M,a,n,a,g,e,r,s, ,a,n,d, ,t,h,e, ,P,u,b,l,i,c, ,w,h,e,n, ,D,i,s,a,s,t,e,r, ,S,t,r,i,k,e,s
D,e,s,i,g,n,i,n,g, ,P,o,l,i,t,i,c,a,l, ,D,e,l,i,b,e,r,a,t,i,o,n, ,E,n,v,i,r,o,n,m,e,n,t,s, ,t,o, ,S,u,p,p,o,r,t, ,I,n,t,e,r,a,c,t,i,o,n,s, ,i,n, ,t,h,e, ,P,u,b,l,i,c, ,S,p,h,e,r,e
M,o,b,i,l,e, ,A,w,a,r,e,n,e,s,s, ,a,n,d, ,P,a,r,t,i,c,i,p,a,t,i,o,n, ,i,n, ,C,o,m,m,u,n,i,t,y,-,o,r,i,e,n,t,e,d, ,A,c,t,i,v,i,t,i,e,s
C,o,m,m,u,n,i,t,y, ,E,m,p,o,w,e,r,i,n,g, ,S,e,r,v,i,c,e,-,l,e,a,r,n,i,n,g, ,C,o,u,r,s,e,s, ,T,h,r,o,u,g,h, ,2,1,s,t, ,C,e,n,t,u,r,y, ,T,e,c,h,n,o,l,o,g,i,e,s
T,h,e, ,V,a,n,i,s,h,i,n,g, ,F,i,r,e,f,l,y, ,P,r,o,j,e,c,t,:, ,E,n,g,a,g,i,n,g, ,C,i,t,i,z,e,n, ,S,c,i,e,n,t,i,s,t,s, ,w,i,t,h, ,a, ,M,o,b,i,l,e, ,T,e,c,h,n,o,l,o,g,y, ,a,n,d, ,R,e,a,l,-,t,i,m,e, ,R,e,p,o,r,t,i,n,g, ,F,r,a,m,e,w,o,r,k
D,u,s,t,i,n,g, ,f,o,r, ,S,c,i,e,n,c,e,:, ,M,o,t,i,v,a,t,i,o,n, ,a,n,d, ,P,a,r,t,i,c,i,p,a,t,i,o,n, ,o,f, ,D,i,g,i,t,a,l, ,C,i,t,i,z,e,n, ,S,c,i,e,n,c,e, ,V,o,l,u,n,t,e,e,r,s
P,a,r,t,i,c,i,p,a,t,o,r,y, ,M,i,l,i,t,i,a,s,:, ,A,n, ,A,n,a,l,y,s,i,s, ,o,f, ,a,n, ,A,r,m,e,d, ,M,o,v,e,m,e,n,t,',s, ,O,n,l,i,n,e, ,A,u,d,i,e,n,c,e
M,o,d,e,l,i,n,g, ,S,o,c,i,a,l, ,M,e,d,i,a, ,S,u,p,p,o,r,t, ,f,o,r, ,t,h,e, ,E,l,i,c,i,t,a,t,i,o,n, ,o,f, ,C,i,t,i,z,e,n, ,O,p,i,n,i,o,n
P,u,b,l,i,c, ,O,n,l,i,n,e, ,C,o,n,s,u,l,t,a,t,i,o,n, ,o,f, ,F,e,d,e,r,a,l, ,M,i,n,i,s,t,r,i,e,s, ,a,n,d, ,F,e,d,e,r,a,l, ,R,e,g,u,l,a,t,o,r,y, ,A,g,e,n,c,i,e,s, ,i,n, ,B,r,a,z,i,l
B,l,o,g,g,i,n,g, ,i,n, ,a, ,R,e,g,i,o,n, ,o,f, ,C,o,n,f,l,i,c,t,:, ,S,u,p,p,o,r,t,i,n,g, ,T,r,a,n,s,i,t,i,o,n, ,t,o, ,R,e,c,o,v,e,r,y
T,h,r,e,e,-,d,i,m,e,n,s,i,o,n,a,l, ,D,i,g,i,t,a,l, ,E,n,v,i,r,o,m,e,n,t,s, ,a,n,d, ,C,o,m,p,u,t,e,r, ,G,r,a,p,h,i,c,s, ,I,n,f,l,u,e,n,c,i,n,g, ,K,-,1,2, ,I,n,d,i,v,i,d,u,a,l,s,', ,D,i,g,i,t,a,l, ,L,i,t,e,r,a,c,y, ,D,e,v,e,l,o,p,m,e,n,t, ,a,n,d, ,I,n,t,e,r,d,i,s,c,i,p,l,i,n,a,r,y, ,L,i,f,e,l,o,n,g, ,L,e,a,r,n,i,n,g
T,w,i,t,t,e,r, ,D,e,m,o,c,r,a,c,y,:, ,P,o,l,i,c,y, ,V,e,r,s,u,s, ,I,d,e,n,t,i,t,y, ,P,o,l,i,t,i,c,s, ,i,n, ,T,h,r,e,e, ,E,m,e,r,g,i,n,g, ,A,f,r,i,c,a,n, ,D,e,m,o,c,r,a,c,i,e,s
F,r,e,e, ,A,s, ,i,n, ,P,u,p,p,i,e,s,:, ,C,o,m,p,e,n,s,a,t,i,n,g, ,f,o,r, ,I,c,t, ,C,o,n,s,t,r,a,i,n,t,s, ,i,n, ,C,i,t,i,z,e,n, ,S,c,i,e,n,c,e
S,e,n,i,o,r,-,f,r,i,e,n,d,l,y, ,T,e,c,h,n,o,l,o,g,i,e,s,:, ,I,n,t,e,r,a,c,t,i,o,n, ,D,e,s,i,g,n, ,f,o,r, ,S,e,n,i,o,r, ,U,s,e,r,s
T,a,l,k,i,n,g, ,I,t, ,F,u,r,t,h,e,r,:, ,F,r,o,m, ,F,e,e,l,i,n,g,s, ,a,n,d, ,M,e,m,o,r,i,e,s, ,t,o, ,C,i,v,i,c, ,D,i,s,c,u,s,s,i,o,n,s, ,i,n, ,a,n,d, ,A,b,o,u,t, ,P,l,a,c,e,s
S,m,a,r,t,C,i,t,i,e,s,',1,5,:, ,I,n,t,e,r,n,a,t,i,o,n,a,l, ,W,o,r,k,s,h,o,p, ,o,n, ,S,m,a,r,t, ,C,i,t,i,e,s,:, ,P,e,o,p,l,e,",", ,T,e,c,h,n,o,l,o,g,y, ,a,n,d, ,D,a,t,a
P,a,r,t,i,c,i,p,a,t,i,o,n, ,i,n, ,D,e,s,i,g,n, ,B,e,t,w,e,e,n, ,P,u,b,l,i,c, ,S,e,c,t,o,r, ,a,n,d, ,L,o,c,a,l, ,C,o,m,m,u,n,i,t,i,e,s
S,e,n,C,i,t,y, ,2,:, ,V,i,s,u,a,l,i,z,i,n,g, ,t,h,e, ,H,i,d,d,e,n, ,P,u,l,s,e, ,o,f, ,a, ,C,i,t,y
N,a,t,u,r,a,l, ,R,e,s,o,u,r,c,e,s, ,D,a,t,a, ,M,a,n,a,g,e,m,e,n,t, ,S,y,s,t,e,m, ,(,N,R,D,M,S,),:, ,A, ,S,u,i,t,e, ,o,f, ,W,e,b,-,a,c,c,e,s,s,i,b,l,e, ,G,e,o,-,s,p,a,t,i,a,l, ,D,a,t,a, ,P,r,o,c,e,s,s,i,n,g, ,T,o,o,l,s, ,f,o,r, ,e,-,G,o,v,e,r,n,a,n,c,e, ,i,n, ,I,n,d,i,a
C,o,m,m,u,n,i,t,y, ,H,i,s,t,o,r,i,a,n,s,:, ,S,c,a,f,f,o,l,d,i,n,g, ,C,o,m,m,u,n,i,t,y, ,E,n,g,a,g,e,m,e,n,t, ,T,h,r,o,u,g,h, ,C,u,l,t,u,r,e, ,a,n,d, ,H,e,r,i,t,a,g,e
C,o,n,c,e,p,t,u,a,l,i,z,i,n,g, ,S,m,a,r,t, ,C,i,t,y, ,w,i,t,h, ,D,i,m,e,n,s,i,o,n,s, ,o,f, ,T,e,c,h,n,o,l,o,g,y,",", ,P,e,o,p,l,e,",", ,a,n,d, ,I,n,s,t,i,t,u,t,i,o,n,s
I,C,T,-,e,n,a,b,l,e,d, ,P,u,b,l,i,c, ,S,e,c,t,o,r, ,I,n,n,o,v,a,t,i,o,n,:, ,T,r,e,n,d,s, ,a,n,d, ,P,r,o,s,p,e,c,t,s
C,I,T,Y, ,F,E,E,D,:, ,A, ,P,i,l,o,t, ,S,y,s,t,e,m, ,o,f, ,C,i,t,i,z,e,n,-,S,o,u,r,c,i,n,g, ,f,o,r, ,C,i,t,y, ,I,s,s,u,e, ,M,a,n,a,g,e,m,e,n,t
D,e,s,i,g,n, ,S,t,r,a,t,e,g,y, ,f,o,r, ,a, ,N,a,t,i,o,n,a,l, ,I,n,t,e,g,r,a,t,e,d, ,P,e,r,s,o,n,a,l, ,H,e,a,l,t,h, ,R,e,c,o,r,d
B,i,o,l,o,g,i,c,a,l, ,C,i,t,i,z,e,n, ,P,u,b,l,i,c,s,:, ,P,e,r,s,o,n,a,l, ,G,e,n,e,t,i,c,s, ,A,s, ,a, ,S,i,t,e, ,o,f, ,P,u,b,l,i,c, ,E,n,g,a,g,e,m,e,n,t, ,w,i,t,h, ,S,c,i,e,n,c,e
I,n,t,e,r,a,c,t,i,o,n, ,D,e,s,i,g,n, ,f,o,r, ,C,i,t,i,z,e,n, ,E,n,g,a,g,e,m,e,n,t, ,a,n,d, ,D,i,g,i,t,a,l, ,G,o,v,e,r,n,m,e,n,t
D,y,n,a,m,i,c, ,C,h,a,n,g,e,s, ,i,n, ,M,o,t,i,v,a,t,i,o,n, ,i,n, ,C,o,l,l,a,b,o,r,a,t,i,v,e, ,C,i,t,i,z,e,n,-,s,c,i,e,n,c,e, ,P,r,o,j,e,c,t,s
W,i,k,i,p,e,d,i,a, ,C,l,a,s,s,r,o,o,m, ,E,x,p,e,r,i,m,e,n,t,:, ,B,i,d,i,r,e,c,t,i,o,n,a,l, ,B,e,n,e,f,i,t,s, ,o,f, ,S,t,u,d,e,n,t,s,', ,E,n,g,a,g,e,m,e,n,t, ,i,n, ,O,n,l,i,n,e, ,P,r,o,d,u,c,t,i,o,n, ,C,o,m,m,u,n,i,t,i,e,s
I,n,f,o,r,m,a,t,i,o,n, ,T,e,c,h,n,o,l,o,g,y, ,i,n, ,S,o,c,i,a,l, ,E,n,t,r,e,p,r,e,n,e,u,r,s,h,i,p,:, ,T,h,e, ,R,o,l,e, ,a,n,d, ,t,h,e, ,R,e,a,l,i,t,y
U,s,i,n,g, ,S,o,c,i,a,l, ,M,e,d,i,a, ,f,o,r, ,C,o,l,l,a,b,o,r,a,t,i,v,e, ,S,p,e,c,i,e,s, ,I,d,e,n,t,i,f,i,c,a,t,i,o,n, ,a,n,d, ,O,c,c,u,r,r,e,n,c,e,:, ,I,s,s,u,e,s,",", ,M,e,t,h,o,d,s,",", ,a,n,d, ,T,o,o,l,s
F,o,s,t,e,r,i,n,g, ,e,-,P,a,r,t,i,c,i,p,a,t,i,o,n, ,i,n, ,C,o,l,o,m,b,i,a
B,r,e,w,i,n,g, ,U,p, ,C,i,t,i,z,e,n, ,E,n,g,a,g,e,m,e,n,t,:, ,T,h,e, ,C,o,f,f,e,e, ,P,a,r,t,y, ,o,n, ,F,a,c,e,b,o,o,k
V,o,t,e, ,W,i,t,h, ,Y,o,u,r, ,F,e,e,t,:, ,L,o,c,a,l, ,C,o,m,m,u,n,i,t,y, ,P,o,l,l,i,n,g, ,o,n, ,U,r,b,a,n, ,S,c,r,e,e,n,s
D,e,v,e,l,o,p,i,n,g, ,I,n,t,e,r,c,u,l,t,u,r,a,l, ,C,o,m,p,e,t,e,n,c,e, ,T,h,r,o,u,g,h, ,V,i,d,e,o,g,a,m,e,s
H,a,c,k,e,r,s,",", ,F,i,x,e,r,s, ,a,n,d, ,L,o,n,e, ,R,a,n,g,e,r,s,:, ,T,h,e, ,F,u,t,u,r,e, ,o,f, ,T,e,c,h,n,o,l,o,g,y, ,f,o,r, ,D,e,v,e,l,o,p,m,e,n,t,?


C,r,o,w,d,s,",", ,C,i,t,i,z,e,n,s, ,a,n,d, ,S,e,n,s,o,r,s,:, ,P,r,o,c,e,s,s, ,a,n,d, ,P,r,a,c,t,i,c,e, ,f,o,r, ,M,o,b,i,l,i,s,i,n,g, ,L,e,a,r,n,i,n,g

T,o,w,a,r,d,s, ,a,n, ,E,t,h,i,c,a,l, ,I,n,t,e,r,a,c,t,i,o,n, ,D,e,s,i,g,n,:, ,T,h,e, ,I,s,s,u,e, ,o,f, ,I,n,c,l,u,d,i,n,g, ,S,t,a,k,e,h,o,l,d,e,r,s, ,i,n, ,L,a,w,-,e,n,f,o,r,c,e,m,e,n,t, ,S,o,f,t,w,a,r,e, ,D,e,v,e,l,o,p,m,e,n,t
P,a,r,t,i,s,a,n, ,A,l,i,g,n,m,e,n,t,s, ,a,n,d, ,P,o,l,i,t,i,c,a,l, ,P,o,l,a,r,i,z,a,t,i,o,n, ,O,n,l,i,n,e,:, ,A, ,C,o,m,p,u,t,a,t,i,o,n,a,l, ,A,p,p,r,o,a,c,h, ,t,o, ,U,n,d,e,r,s,t,a,n,d,i,n,g, ,t,h,e, ,F,r,e,n,c,h, ,a,n,d, ,U,S, ,P,r,e,s,i,d,e,n,t,i,a,l, ,E,l,e,c,t,i,o,n,s
D,e,b,a,t,i,n,g, ,P,o,v,e,r,t,y, ,P,o,r,n, ,o,n, ,T,w,i,t,t,e,r,:, ,S,o,c,i,a,l, ,M,e,d,i,a, ,A,s, ,a, ,P,l,a,c,e, ,f,o,r, ,E,v,e,r,y,d,a,y, ,S,o,c,i,o,-,P,o,l,i,t,i,c,a,l, ,T,a,l,k
C,o,m,p,u,t,i,n,g, ,f,o,r, ,t,h,e, ,S,o,c,i,a,l, ,G,o,o,d, ,a,n,d, ,C,u,l,t,i,v,a,t,i,n,g, ,C,u,l,t,u,r,e,s, ,f,o,r, ,E,t,h,i,c,a,l, ,C,o,m,p,u,t,i,n,g
T,o,w,a,r,d,s, ,a, ,2,-,W,a,y, ,C,o,m,m,u,n,i,c,a,t,i,o,n, ,a,n,d, ,A,n,a,l,y,t,i,c,s, ,P,l,a,t,f,o,r,m, ,f,o,r, ,E,m,e,r,g,e,n,c,y, ,R,e,s,p,o,n,s,e, ,a,n,d, ,P,o,s,t,-,E,m,e,r,g,e,n,c,y, ,R,e,c,o,v,e,r,y, ,E,f,f,o,r,t,s, ,i,n, ,S,i,e,r,r,a, ,L,e,o,n,e

F,e,r,m,e,n,t,a,t,i,o,n, ,G,u,t,H,u,b,:, ,D,e,s,i,g,n,i,n,g, ,f,o,r, ,F,o,o,d, ,S,u,s,t,a,i,n,a,b,i,l,i,t,y, ,i,n, ,S,i,n,g,a,p,o,r,e
P,e,r,s,o,n,a,s,",", ,P,e,o,p,l,e, ,a,n,d, ,P,a,r,t,i,c,i,p,a,t,i,o,n,:, ,C,h,a,l,l,e,n,g,e,s, ,f,r,o,m, ,t,h,e, ,T,r,e,n,c,h,e,s, ,o,f, ,L,o,c,a,l, ,G,o,v,e,r,n,m,e,n,t

A, ,C,o,g,n,i,t,i,v,e, ,A,p,p,r,e,n,t,i,c,e,s,h,i,p, ,f,o,r, ,S,c,i,e,n,c,e, ,L,i,t,e,r,a,c,y, ,B,a,s,e,d, ,o,n, ,J,o,u,r,n,a,l,i,s,m
F,i,x,i,n,g, ,t,h,e, ,C,i,t,y, ,O,n,e, ,P,h,o,t,o, ,a,t, ,a, ,T,i,m,e,:, ,M,o,b,i,l,e, ,L,o,g,g,i,n,g, ,o,f, ,M,a,i,n,t,e,n,a,n,c,e, ,R,e,q,u,e,s,t,s
M,o,b,i,l,e, ,A,p,p,l,i,c,a,t,i,o,n,s, ,f,o,r, ,I,n,c,i,d,e,n,t, ,R,e,p,o,r,t,i,n,g, ,S,y,s,t,e,m,s, ,i,n, ,U,r,b,a,n, ,C,o,n,t,e,x,t,s,:, ,L,e,s,s,o,n,s, ,L,e,a,r,n,e,d, ,f,r,o,m, ,a,n, ,E,m,p,i,r,i,c,a,l, ,S,t,u,d,y
F,a,c,i,l,i,t,a,t,i,v,e, ,M,o,d,e,r,a,t,i,o,n, ,f,o,r, ,O,n,l,i,n,e, ,P,a,r,t,i,c,i,p,a,t,i,o,n, ,i,n, ,e,R,u,l,e,m,a,k,i,n,g
M,e,t,a,d,e,s,i,g,n,i,n,g, ,e,-,G,o,v,e,r,n,m,e,n,t, ,S,e,r,v,i,c,e,s,:, ,A, ,C,a,s,e, ,S,t,u,d,y, ,i,n, ,a, ,L,o,c,a,l, ,A,g,e,n,c,y
O,p,e,n, ,G,o,v,e,r,n,m,e,n,t, ,D,a,t,a,:, ,B,e,y,o,n,d, ,P,o,l,i,c,y, ,&,#,3,8,;, ,P,o,r,t,a,l,",", ,a, ,S,t,u,d,y, ,i,n, ,I,n,d,i,a,n, ,C,o,n,t,e,x,t
N,a,r,c,o, ,E,m,o,t,i,o,n,s,:, ,A,f,f,e,c,t, ,a,n,d, ,D,e,s,e,n,s,i,t,i,z,a,t,i,o,n, ,i,n, ,S,o,c,i,a,l, ,M,e,d,i,a, ,D,u,r,i,n,g, ,t,h,e, ,M,e,x,i,c,a,n, ,D,r,u,g, ,W,a,r
A, ,N,e,w, ,R,o,a,d,m,a,p, ,f,o,r, ,N,e,x,t,-,g,e,n,e,r,a,t,i,o,n, ,P,o,l,i,c,y,-,m,a,k,i,n,g
A,n, ,E,x,p,l,o,r,a,t,o,r,y, ,S,t,u,d,y, ,o,n, ,S,e,n,i,o,r, ,C,i,t,i,z,e,n,s,', ,P,e,r,c,e,p,t,i,o,n,s, ,o,f, ,t,h,e, ,N,i,n,t,e,n,d,o, ,W,i,i,:, ,T,h,e, ,C,a,s,e, ,o,f, ,S,i,n,g,a,p,o,r,e
T,o,u,c,h,i,n,g, ,T,r,a,n,s,p,o,r,t, ,-, ,a, ,C,a,s,e, ,S,t,u,d,y, ,o,n, ,V,i,s,u,a,l,i,z,i,n,g, ,M,e,t,r,o,p,o,l,i,t,a,n, ,P,u,b,l,i,c, ,T,r,a,n,s,i,t, ,o,n, ,I,n,t,e,r,a,c,t,i,v,e, ,T,a,b,l,e,t,o,p,s

